,Reallocation Freq,Total Return,Daily Sharpe
0,16.2962962963,109.99405362200001,2.43003036237
1,14.784784784800001,89.9361611601,1.9881950528999999
5,16.861861861900003,11.2226363389,0.35604361022
10,12.787787787799997,-32.1556782743,-1.32157051069
20,16.1711711712,-80.0746181057,-4.57695536788
50,14.6346346346,-87.21788427269999,-7.350853990039999
