,Reallocation Freq,Total Return,Daily Sharpe
0,15.4254254254,314.34296490099996,4.95045672274
1,12.087087087099999,271.97567447299997,4.520737511
5,7.7277277277300005,147.149880693,3.0218457811799997
10,3.98898898899,59.64813526340001,1.37338888181
20,6.50650650651,36.012715626900004,0.931441239429
50,1.75175175175,-4.4389034012,-0.103471070037
