,Reallocation Freq,Total Return,Daily Sharpe
0,19.989989989999998,231.63348212400004,4.1252227381
1,18.843843843800002,207.54020088099998,3.85312659977
5,14.869869869899999,136.05970737299998,2.88113537725
10,10.4054054054,99.68218773340001,2.25287399765
20,2.06706706707,-0.363536886669,0.0060197872241
50,0.36036036035999996,0.876063635117,0.047488932642099996
