,Short Freq,Total Return,Daily Sharpe
0,44.245000000000005,314.34296490099996,4.95045672274
1,39.865,250.579435633,4.323853522069999
5,29.725,139.104232136,2.9860765865200003
10,2.715,11.280181865,0.364781188315
20,0.01,7.7459248678399995,0.266694490309
50,0.0,7.763743860820001,0.267247500184
