,Short Freq,Total Return,Daily Sharpe
0,37.545,179.03789982299998,3.49133918476
1,37.545,179.03789982299998,3.49133918476
5,37.545,179.03789982299998,3.49133918476
10,37.545,179.03789982299998,3.49133918476
20,37.545,179.03789982299998,3.49133918476
50,37.545,179.03789982299998,3.49133918476
