,Short Freq,Total Return,Daily Sharpe
0,41.585,231.63348212400004,4.1252227381
1,40.135,195.23511677800002,3.7217438737800004
5,34.5,93.7454896317,2.2626389188
10,25.11,31.0970552765,0.923223055221
20,8.085,-1.9180000274499998,-0.046414139248900005
50,0.74,1.9961096080900003,0.0834195251868
