,Short Freq,Total Return,Daily Sharpe
0,30.145,109.99405362200001,2.43003036237
1,24.095,82.203410888,1.92666536651
5,21.16,38.4152598761,1.06328330298
10,24.145,14.5687503362,0.437755726427
20,26.255,-31.169218849199996,-1.23599374974
50,30.855,-86.03124888490001,-5.7688809039199995
