,Short Freq,Total Return,Daily Sharpe
0,46.6,187.63891558099996,3.58675415523
1,46.85,198.903535197,3.73909421509
5,42.355,101.17705420899998,2.35191615282
10,34.78,24.5354135565,0.736556312315
20,0.505,6.76425711469,0.235720261701
50,0.0,7.763743860820001,0.267247500184
